id,company_ref
352485,1117f767-9096-43b2-8053-67cb5cf81b5b
352481,a9307700-8009-408d-8c42-5d5af5fff9da
352483,ad90304e-797a-48e6-a05d-c16c57e42ea8
352449,606f80e7-3b99-4960-9df4-1572cbfe4e1e
284084,d6480b63-21ec-4b96-be00-8f2a359b8b7a
339784,1cd2d973-099b-4399-ad41-d8fc757463bd
310631,a5aa1537-f2e7-4432-a6a4-510d2e81641d
310630,886ebb34-21ad-4c2b-af34-1f4d0475d8ca
310629,07cc7a70-12e2-4675-9a5c-6c2a4a64ea3c
310628,19d51f05-192c-443e-b048-41c63cd159d5
310627,c4f1d952-a090-4eb5-ae26-5a2ef5a7d39e
310626,198959f1-e1ea-4b74-a4ca-2b1d1ed8ae7c
310625,c6c38565-1c9f-4593-a1e7-03efc0df1de1
310624,2e7596d7-a0a3-4dc4-a674-bbc633611429
310203,df0348c5-4e26-4ca5-aeb4-c7d2dcc8c84a
310223,4f501098-b6dc-4f68-8803-91e5f47f1b5b
310222,1e95f86b-4444-4e0d-b825-3376d768544f
310221,c2020538-3d34-4d29-a3b7-553cf1b8f8b7
310220,d6e82553-399f-421c-b708-d41a96fefafe
310219,2c4adfd5-cd4c-4040-a0e1-494354f9cb5e
310217,400618ed-8e6e-4f74-96ca-fe82a74da7cb
