ID,url
353812, https://admin.payplug.com/admin/companies/353812
353811, https://admin.payplug.com/admin/companies/353811
353810, https://admin.payplug.com/admin/companies/353810
353755, https://admin.payplug.com/admin/companies/353755
353402, https://admin.payplug.com/admin/companies/353402
353442, https://admin.payplug.com/admin/companies/353442
353171, https://admin.payplug.com/admin/companies/353171
353413, https://admin.payplug.com/admin/companies/353413
353409, https://admin.payplug.com/admin/companies/353409
353416, https://admin.payplug.com/admin/companies/353416
353414, https://admin.payplug.com/admin/companies/353414
353410, https://admin.payplug.com/admin/companies/353410
353408, https://admin.payplug.com/admin/companies/353408
353406, https://admin.payplug.com/admin/companies/353406
353173, https://admin.payplug.com/admin/companies/353173
353447, https://admin.payplug.com/admin/companies/353447
353445, https://admin.payplug.com/admin/companies/353445
353415, https://admin.payplug.com/admin/companies/353415
353175, https://admin.payplug.com/admin/companies/353175
349215, https://admin.payplug.com/admin/companies/349215