company_ref,email
ba3e6ec0-630c-4d4f-a99a-887bbc540f2f,frederic.rivierre@ducasse-paris.com
a31e4097-19b5-4719-8a66-23f1750d8554,frederic.rivierre@ducasse-paris.com
e20c2495-0bcb-44d7-a9df-cbf1f23d92e2,frederic.rivierre@ducasse-paris.com
a75f468c-7d22-4351-a960-a4dbb3f4fd9d,frederic.rivierre@ducasse-paris.com
aabd6829-7870-484e-b498-8ed185ed327c,frederic.rivierre@ducasse-paris.com
f41a86a5-0c19-4be1-89fc-4012c97da79f,frederic.rivierre@ducasse-paris.com
024442ec-989e-44e5-90d0-e801eea84ad7,frederic.rivierre@ducasse-paris.com
347e0ce2-7b32-49b7-9cf7-959c26fb98be,frederic.rivierre@ducasse-paris.com
c8af572d-3dfd-4025-a9d1-dc3e411c0c3e,frederic.rivierre@ducasse-paris.com
70b2f638-a127-4663-b689-9ca2264cbe31,frederic.rivierre@ducasse-paris.com
d183086f-a294-4165-9b49-08a549f589da,frederic.rivierre@ducasse-paris.com
5b79bbe1-18a9-4f65-b1b5-b0839b88b918,frederic.rivierre@ducasse-paris.com
1f31c783-6a43-4371-b2fb-4fdfa2afab81,frederic.rivierre@ducasse-paris.com
cd13d911-ffbf-403c-9f2f-1b9dc03e648b,frederic.rivierre@ducasse-paris.com
8e73b765-528a-4abf-825b-36b1aeff57b7,frederic.rivierre@ducasse-paris.com
8f0921fa-2962-4526-b465-1b0ee11e2c79,frederic.rivierre@ducasse-paris.com
e1a756fa-7496-41cb-bd5c-a05a74867148,frederic.rivierre@ducasse-paris.com
c6c9f550-73a1-40f2-acfc-83ca7c82abf0,frederic.rivierre@ducasse-paris.com
88e8c5b7-8541-444c-8bd0-eec29786956c,frederic.rivierre@ducasse-paris.com
96a1a83b-a1db-417c-92da-1bf495d8d5d9,frederic.rivierre@ducasse-paris.com
9b88a52a-1073-4a96-a382-014634c7a8b3,frederic.rivierre@ducasse-paris.com
056d3ea5-3581-483b-b605-4f099c9c0d6b,frederic.rivierre@ducasse-paris.com
e6d0bf37-cef5-4737-a71d-bbc682c37fe1,frederic.rivierre@ducasse-paris.com
7211728a-dd50-4454-b8d2-0d1685e69bc6,frederic.rivierre@ducasse-paris.com
32684730-9fef-4e0c-bad0-a814aecdd431,frederic.rivierre@ducasse-paris.com
d7bbfb0f-a330-491b-8946-fbd76d51d120,frederic.rivierre@ducasse-paris.com
9293bc15-ae95-40d3-8493-115712d77774,frederic.rivierre@ducasse-paris.com
01f2e15a-3c78-4433-9467-145016cc3d84,frederic.rivierre@ducasse-paris.com
79440628-026c-4ec8-8175-ae6535bd841b,frederic.rivierre@ducasse-paris.com
9464d2c4-dd3e-41a0-8ccb-bcdaea63b8fc,frederic.rivierre@ducasse-paris.com
33af1348-4b1c-4a24-89f7-90b1ba1c2d7a,frederic.rivierre@ducasse-paris.com
3a640514-c3c8-4b7d-a23a-29b1a9a77853,frederic.rivierre@ducasse-paris.com
6a6da040-2fcb-429b-8b7b-1fc1d3eded71,frederic.rivierre@ducasse-paris.com
e39aabc3-69c8-43a5-9593-ee77147dc230,frederic.rivierre@ducasse-paris.com
d2801f36-bd0f-4182-91ea-10f244ccb43f,frederic.rivierre@ducasse-paris.com
1e07a521-935e-4383-8ada-197819f7bc99,frederic.rivierre@ducasse-paris.com
df396804-84a8-4778-812c-4dc3c448500a,frederic.rivierre@ducasse-paris.com
2054bd4d-4808-4c2a-a3f8-fe8bdadd9b07,frederic.rivierre@ducasse-paris.com
ffabb188-eab7-44c1-9c6a-ef6918400ddf,frederic.rivierre@ducasse-paris.com
84ce6206-e3ba-49f4-a237-57fceb84a916,frederic.rivierre@ducasse-paris.com
6c39b326-f3ed-41f5-b6e3-932c28a5cdd1,frederic.rivierre@ducasse-paris.com
6d084c19-1238-4110-a317-e79e076b815e,frederic.rivierre@ducasse-paris.com
cf23910a-849d-4396-80ce-5bca587ee37d,frederic.rivierre@ducasse-paris.com
945c8228-2b9c-4411-a767-9de9e95c900f,frederic.rivierre@ducasse-paris.com
941fcf6e-5fe6-4746-a2cc-29239a1d04fe,frederic.rivierre@ducasse-paris.com
dea88579-d3f2-4e40-8c55-b3aaab58984f,frederic.rivierre@ducasse-paris.com
94e09823-063a-4973-8dc8-4a2d5f4d3777,frederic.rivierre@ducasse-paris.com
1f684398-270b-48fd-af0c-9cf497f29203,frederic.rivierre@ducasse-paris.com
f5a93f0f-1d57-40eb-b5ac-1dbc63dbc20d,frederic.rivierre@ducasse-paris.com
d9c3b100-2a11-4a8e-9ead-68aaab2830cc,frederic.rivierre@ducasse-paris.com
cba829cb-9387-432d-9d43-5a4f501edcb2,frederic.rivierre@ducasse-paris.com
b84f9b97-0127-4c41-a9b4-97b2075e9b4d,frederic.rivierre@ducasse-paris.com
55bfdb1f-a8a3-4b45-90cd-821308e69b25,frederic.rivierre@ducasse-paris.com
4790ee45-40e8-4104-bd71-aeca067ba0b5,frederic.rivierre@ducasse-paris.com
eabb1d76-e875-4170-b76b-e9e7b9c6f9b8,frederic.rivierre@ducasse-paris.com
a0752f3c-0014-4753-94aa-174734345e37,frederic.rivierre@ducasse-paris.com
bc22ed1c-cdab-4af7-9758-f48baae0d1bf,frederic.rivierre@ducasse-paris.com