company_ref,account_name
ebbcfba2-eb84-4c9e-8bfa-e08aa362b340,001 CLERMONT AUBIERE
cd0e5e86-f188-475e-8620-469bba565317,002 MONTLUCON
a9b77a27-1ceb-4d2c-ac76-c2269dfbc7a5,003 CLERMONT LE BREUIL
04704355-c72b-467a-bffd-53bcdb46701b,004 BESANCON
fa636b97-2742-49b9-bdea-610981031ce5,005 ROANNE
d473dedf-aefb-4e8e-8b39-029411f4fab5,006 TOULOUSE FENOUILLET
3f42d050-0466-46a7-b2a5-adcbfab80bcf,007 LA ROCHE SUR YON
3b9e2565-e019-462b-9ae8-c20c845f1630,009 BORDEAUX MERIGNAC
fe18e882-b318-4a19-8541-dcd542e99edf,010 LAVAL
bdd75f37-d0d5-407c-b4ef-5d835d0737f1,011 CLERMONT COURNON
54fff156-14e3-4c34-b63e-f662d28230ed,012 LYON MIONS
d572d242-1ae4-4e0b-bfd4-4af84688afc0,013 BOURG EN BRESSE
8bd74d67-65fb-463b-bddd-ad25b715c0fd,015 ALBI
a2df4f0d-7bbf-4824-a419-f39ca1f0eec2,016 VALENCE ST PERAY
89bc4ae8-f76c-4b0a-9f70-98bdb4fc2b41,017 CASTRES
10a06907-dbd1-4ade-94e7-58fe36b4d478,018 HERBLAY
20969c6d-b969-45e0-880f-77d44e2b593c,019 MONTAUBAN
c2a89af5-3765-40aa-9728-122ef99677aa,020 GRENOBLE ECHIROLLES
0e556172-f278-4c25-851a-894270793d0e,021 MONTELIMAR
97eb3a1c-f2d3-4d60-ab2c-c7c7e8eedaa5,022 ST ETIENNE VILLARS
a24aa4b2-2f54-492e-854a-37a16a68941e,023 BOURGES
fbeb99a3-1981-4d5b-811b-600fc6c34e48,025 AURILLAC
d395a36b-34b0-40f7-ab63-338679ed1ce5,026 LYON GIVORS
290072cb-d005-45c1-8e5f-a8ed652afa68,027 TARBES
1ca36133-be61-444a-84ec-feaa7088a6af,028 HENIN BEAUMONT
949ae7dd-5d5d-4f87-94e7-2a5bf7beb3b0,029 PLAISIR
16e6d508-2c14-4cfc-acbc-d85cfb3473b8,030 NEVERS
5686c870-4cd2-4d20-a4bb-d65cbe1ffdf2,031 LIMOGES
1bea9381-d0cd-485f-a38c-f920d8b410e9,032 CHAMBERY CHAMNORD
7888d195-629b-4ba8-b4f0-5b2c08735f7f,033 CHARTRES
51621e13-c9e7-4e04-bcb7-349d7233964b,034 GRENOBLE ST EGREVE
e10feb6a-05e7-4f3a-862f-c6f198ad7787,035 POITIERS MIGNE
d47fce5d-762e-48b8-82fe-8c6d475fe6a4,036 COIGNIERES
03b3f90f-6626-4eec-bf24-e0c3daaaaaee,037 ROYAN
75031a6b-442c-4236-90b1-abbc62741894,038 BORDEAUX BOULIAC
ce392a8f-6fb4-43c1-b1ee-d886393a2ac3,039 ORLEANS SARAN
4066dfa2-4187-4e7b-9e02-27b5063dbe1d,040 BREST
453ee337-2f08-413b-b9bd-fade11af6fbb,041 EVREUX
efa3f7af-60c6-4c07-b870-c72b6a4e146a,042 ROUEN TOURVILLE
f2a5af0b-b5e4-4be1-9b78-94b29457e134,043 DAX
ddcb6e9f-4fe2-45f6-a400-4f096d55f81a,044 VILLABE
1bdfa12a-2507-4f04-8e4a-9d643b2d2983,045 CRETEIL
50e129c0-1aa7-4632-a20e-a5bea6886a4f,046 REIMS CORMONTREUIL
d2a26e44-b92e-43b8-b0c5-9139d1013cd3,047 TOURS CHAMBRAY
b13135eb-5542-4d3b-ae57-6fe6122effd6,049 LENS
0c0d9d96-12b5-4983-a073-560e308c51cc,050 TOULOUSE ROQUES
a38ba2e5-511b-40c5-a767-51499be3508e,051 CHAMBERY LA RAVOIRE
a0f31e3d-a62f-4a33-b670-2d755d33c7fa,053 AVIGNON MISTRAL
16cdb2b2-575f-4050-9504-b63cfb0f82ed,054 METZ AUGNY
a3f4191b-090f-402e-a4e8-131bb77d3787,055 ATHIS MONS
0cfffdd1-37ed-4b61-a239-93bab370541d,056 BRUAY LA BUISSIERE
3d8f6b23-30b1-41ff-9c72-56b0dde96cfb,057 TORCY
1078f5f7-cfd8-4bbd-a925-7ebae9d32934,058 MELUN
f902274a-9513-4b13-9cd9-219e4e937ce7,059 AVIGNON LE PONTET
9f1f2010-ba49-4b64-b428-bea3c313c8af,060 PERPIGNAN ESPAGNE
659e3341-0478-48de-bdb2-ad4149ea5d50,061 BRIVE
3dca55d6-f5da-4669-83a5-8842aa662cb1,062 LE MANS LA CHAPELLE
574c520e-82e2-4e83-8315-58a17fd75bfc,063 NIORT
38dfc238-649a-451c-b9de-10b3a1383568,064 DIJON QUETIGNY
4d112e64-45f7-4c27-8c05-8b4991417b1d,065 NICE VILLENEUVE
1bedb71e-7ea4-40fb-97d5-33c73724ebfc,066 VANNES
c6322d34-3eb0-4019-a1ef-c54712f5bccf,067 ANNECY EPAGNY
e807b25c-0a91-4938-bd6c-8b4910e0fc9a,068 PAU LESCAR
7c711d39-ca78-4837-b06f-4ebd2163e347,070 EPINAL JEUXEY
f54a7cf4-7f51-4c39-8994-4614e4483822,071 MARSEILLE PLAN DE CAMPAGNE
795ac604-a833-47a6-a316-ac45d5646fd5,072 LYON LIMONEST
48db64f0-da08-4cc6-88c6-34ff4c133362,073 THIONVILLE TERVILLE
9cb8c791-f026-4c26-ac2f-830b22a10797,074 ANGOULEME
06ae9e81-a1d1-4d3f-b451-a3849b20c10a,075 POITIERS
52ca5384-31ca-47e6-b68e-569b40e4f45e,076 TOULOUSE BALMA
7cb4f6fc-30b8-4c07-aaf1-8d8f2e1d778e,078 MULHOUSE KINGER
84573666-d008-4dd6-a16b-aca2eca0c459,079 NIMES
6fc110b9-5850-40ef-85c5-b5de86cf3038,080 THONON
32e0cd28-199a-4e88-9588-4403c72c7bb6,081 CHALON SUR SAONE
8468a263-9562-47b9-806c-7ecfdb015225,082 VILLEBON
6ba45573-9f6b-4834-b761-501e9dd11a97,083 NARBONNE
2582f6c2-872f-4747-8cc5-9d3b0ae4b872,084 NANTES ORVAULT
b77394ec-abc6-4bec-bf21-f9050d8b6e59,085 VALENCE COULEURS
200b759b-cbce-4d36-a82e-f21d40447f1b,086 CHOLET
74a16073-6228-489c-b77e-f4563fb55168,087 RENNES ST GREGOIRE
75781494-3897-4d72-9561-7dc4b8c1b534,088 PERIGUEUX BOULAZAC
01038dfc-8ab3-48ae-9a18-320de8a65593,089 ANGLET BAYONNE
713ebde5-567d-4fcd-9dff-654e5ee000f3,090 CHATEAUROUX
fa4bfc39-cb35-4ef2-aad7-2f930439de2c,091 CORMEILLES
edda242a-99cb-4a6a-a158-069529ff3568,092 AUBERGENVILLE
d2afa820-277f-478a-998f-166866eb2b58,093 BORDEAUX ST MEDARD
eb7f24d5-12cb-4a50-a857-67d335118c9b,094 BEZIERS
47c6c091-f3b1-4277-ab9e-f2e29cf5bf04,095 MACON
86ab3a8e-cb40-4d59-83d4-c4859f77a42d,097 ROUEN BARENTIN
af5676de-cee6-4423-afed-9f4456cbbe90,100 BONNEUIL
68354497-1db7-43c9-91fe-e34b93807030,101 BERGERAC
0f8ec47a-00e0-4081-a45b-556da03d837c,103 NANCY LAXOU
46b0edff-8dcb-4cf5-b090-9298c7245067,104 GAP
b9652299-63b4-40cf-bb16-8768823f2606,105 LORIENT
54ef3fff-f870-4958-aadf-3f11e919be65,106 GRENOBLE CROLLES
9b12a1a2-a15d-4f8e-b12b-e899c54ac173,107 MONTBELIARD
7a2e7dee-2c29-4466-a891-45dd52e44fdd,108 SERVON
9bc8c06b-8d39-4819-a711-72256a9209d1,109 LYON BEYNOST
01bac810-50dd-4eef-8813-65a8c20f0b0e,110 RODEZ
43508678-4080-4368-8f16-22ad19a63e65,111 STRASBOURG GEISPOLS
3006953b-bab0-4cd6-a821-01569481d15d,112 CHAMBOURCY
370d1a87-5820-49d2-bd43-9df141fa6241,113 CREIL
5c96fb99-ce5f-4be5-b797-fa66f8216b6d,114 TROYES
3882a843-9641-4b63-9e97-2673486fd360,115 CAEN MONDEVILLE
e73acee4-db38-4f25-b8e7-bc6e5e1f82cb,116 CANNES MANDELIEU
de8ff4d2-9ede-4edc-9983-1dad81440813,117 AMIENS
f80b2c88-8209-428f-9710-26ea4bfe7b4e,118 TRIGNAC
8f073073-a3bb-48ab-9a3d-a21ee7531d03,119 LE HAVRE HARFLEUR
a801421a-7753-4f33-8e5c-0251f4c2b6d9,120 GENNEVILLIERS
73d0ac91-5dc5-4aeb-9d36-0c547fc34328,121 LA ROCHELLE
bce3f2ec-d838-49c0-b9b0-2785b6a049cb,122 AUXERRE
00a0cb61-b64d-4c56-bfb1-1cbaec998c7c,124 STE GENEVIEVE
fb51c53e-f0ef-40b9-aa68-43b8d8a6a1f8,125 GRASSE
3adee68c-fe0d-4274-b8a8-c3412c53ef3b,126 TOULON OLLIOULES
281e69ad-8517-4cbb-ab37-00b1b2eed059,128 ANGERS MURS ERIGNE
7537e200-ca00-4aa1-abd0-cd13cba2ed1b,129 AGEN
df69ccc7-3f4f-45b1-9e6b-faa2da8dc7f5,130 FRESNES
9869f146-a93c-49b0-a159-dd609dcb4b66,131 AJACCIO
e11db1f6-7358-40b0-8494-7760a095b8ef,132 TOULON LA VALETTE
58d57e6d-bcc3-4071-a454-dc195926d0f6,133 BIGANOS
5d7550f9-64bf-4feb-a3fa-3871a6d678ad,135 BEAUVAIS
16cd22dc-a951-4ed7-95d4-00c5bb1b5891,136 LOUVROIL
3454bae2-fd54-474c-8492-8665d7401a41,137 ST MALO
ad32220a-7a22-45be-8d8d-b44e44b6b719,138 CAEN ROTS
33d98adf-3b2c-4e04-a39b-519034a07cc5,139 RONCQ
03d6e0da-813f-47b7-aa61-560c52396652,140 RAMBOUILLET
62020597-299c-45bc-a521-8cded64612e6,141 ARRAS
34e00a4c-374f-45dc-9bfc-8d4492c50f16,142 TOULOUSE ST ORENS
c8c9d0f5-d852-4eb4-a819-aab6cca4d1da,143 ROUBAIX LEERS
b8699be6-d6fc-4a3f-956a-eac5387a0307,144 ALENCON
514398fb-3da5-4e01-bb23-9c955f5204a1,145 ANGERS ATOLL
9fbd6e13-c842-45de-a9d1-4ded041e6d31,146 CLERMONT RIOM
38ae1f2e-8344-4e7d-b560-ee87a7c7bf16,147 QUIMPER
d8c3ba08-4610-46b6-8cd5-5dbbd4c621a4,148 LE MANS RUAUDIN
2e5b3378-1df3-4b58-a280-aa2027290a67,150 MONTPELLIER LATTES
a7a8df4c-0bcc-4d85-af0b-eaa1fc1040fc,151 RENNES CHANTEPIE
88454772-65f5-480b-993e-83c109da0bdf,152 MONTPELLIER ST JEAN DE VEDAS
1449fbd7-3840-46d1-bdd5-ecae2054d368,153 PERPIGNAN CLAIRA
02f920f4-75a7-433a-8db5-3505f1857293,154 ARLES
f9a70348-c018-4fdc-95b0-2c58d1804f94,155 ST OMER
3364dce1-934e-430e-b6ff-56eb4e5e5783,156 VESOUL
f0eb9f06-7499-49ee-b054-83717b530ffa,157 BORDEAUX STE EULALIE
bdd2d27f-fb42-4a4a-8ab2-1c2e6749adce,158 BUCHELAY
389357bd-d3a9-469f-9c0b-0fa6797bb129,159 EVRY 2
5edcc52d-7c62-47e1-bb30-6d0c4a82bb51,160 LYON PART DIEU
60431fb9-2b83-429a-9a77-6e847b9457bd,161 COMPIEGNE VENETTE
3af985f8-f0a1-4512-b5fa-8853aadef0f9,162 CHERBOURG
5637f7ff-4122-4536-9a59-f6f78961723d,163 MARSEILLE LA VALENTINE
ea7c2a34-e58b-4f2d-b48c-08e18b1fdcfe,164 ST ETIENNE STEEL
e62d6757-5ca0-4145-bdc2-94744ac93e96,165 ALES
969ff0fd-c907-4dd0-bf51-34b241518140,166 MOULINS
d5bbf883-51d6-4a2b-b8f8-8f8695da0a1b,167 CLAYE SOUILLY
41091d5e-820b-4632-91d3-f5aa91f899de,168 STRASBOURG VENDENHEIM
c3154a05-618d-48e4-a16e-0fcb6fa13cbb,169 CLUSES SCIONZIER
4df32f10-b846-4d84-8d8b-6f666eee5204,170 BAILLEUL
81d44f7f-4cce-45e1-8fab-45faad901844,173 MONT DE MARSAN
f74e77a2-d2d7-4396-a9dd-46fb3f2ad59b,174 TOURS ST PIERRE
c5517adb-71b6-4d55-a541-5155478bdb78,175 PARIS CHATILLON
36df4429-504c-43e0-8117-9c096f9d806f,176 VALENCIENNES RAISMES
75298f5c-d644-4c0e-8aab-c6cd9a6ccb1a,177 MONTEREAU
c1e6d0f8-9c40-42aa-8904-a49142df5037,178 ST BRIEUC
5a8adf70-7dac-4c7d-b8c8-b1896b37d94e,179 COGNAC
dffec0b2-d356-48c2-88f5-5da7dc2f4b97,180 FREJUS
8ea26369-3c89-47cf-8628-e9874a0a9faa,181 PARIS BNF
dc7144c5-9cab-4155-9c7f-113ceb5196fc,182 CALAIS
d944eaf7-2ae4-4f2e-bec7-408755953bb4,183 MONTARGIS
2d2a573a-8502-4b28-aeb7-f1b23481c2ac,184 NICE NOTRE DAME
0fbcae74-2fd2-4916-b3dd-ed11fa0b5b09,186 L ISLE D ABEAU
7ddac4af-c713-4783-988c-f9bfd099e5e4,188 CARCASSONNE
96ce3f51-300c-46e1-b341-b6d214633999,201 PERSAN
589d0f6f-15f1-4fd2-84fb-1ab95c99be22,202 VILLEFRANCHE SUR SAONE
4e5c9070-5643-4692-94b3-c6fc9031e771,203 BLOIS
8d54f820-490c-46ba-b725-c20f4678f140,204 CHALONS EN CHAMPAGNE
91506f05-3d8b-4fb8-a3d0-c37576ece8a5,205 LES SABLES D OLONNE
31d2c705-6d77-4679-9881-6d142edb698d,206 AIX EN PROVENCE LA PIOLINE
9f7ca498-38c2-4172-bc01-992e38651e3f,207 CHARLEVILLE MEZIERES
af32b68d-f19b-45f3-bba9-2e635cddc728,208 SENS
82bed917-6052-4994-8c9f-5db74fdd2608,209 ORLEANS OLIVET
6af0a245-8cd6-471e-90ad-84129d6bfab9,210 GIVET
687c57a6-2d54-4f78-9f95-e02aad2fea19,216 BELFORT BESSONCOURT
f529700a-fdbc-4db9-9f4b-1a0f99d248bf,217 ANNEMASSE
c1e27c31-c221-43c2-b4d1-7387f0547806,219 CAMBRAI
9c7f9cc4-15c5-45a7-91c2-aac5a0742f50,221 HAGUENAU
55eaec92-d732-424e-9643-d3a6d1fd8208,224 BERCK
c382a84e-88bd-47d5-ab83-b143d67e1409,228 AEROVILLE
2557816f-658c-4889-a242-a1446d5f75e9,229 STRASBOURG LES HALLES
ec259237-3251-402a-b528-4ab058ea1df9,230 NANTES REZE
0724e996-4b55-4e2d-b561-3413b82eae95,232 SALAISE SUR SANNE
e88e7704-ab7a-4dd2-abb6-cdde64a6438d,233 VILLENEUVE D ASCQ
487be30f-3a63-476b-bafa-a4dfb826633d,234 ST DIZIER
c1df0459-9f36-4112-8ae7-6459b6825b8c,235 DUNKERQUE GRAND SYNTHE
7892a43b-820d-4503-a401-4e70c106c59f,238 ST MAXIMIN LA STE BAUME
a4ecbf8c-3381-48a1-b7b8-979281babe24,231 COLMAR
b5b3e08c-2368-4c20-af5f-b6c9e7e5e769,211 BRUXELLES CITY2
28d12a9d-c46e-4f7b-bf53-f2b8667f1af0,220 WAREMME
64788b7f-df26-4213-b250-fa43c2267372,222 FROYENNES
840ab0e8-1ca8-42d9-bbd6-12d4d2751cf7,225 ARLON
e8aa654f-05fa-4387-b3f4-bd0adb2174fc,226 LIEGE ROCOURT
4ab84863-a809-42b5-b1fe-d482d840fade,227 CHARLEROI CITY NORD